{
    "hardware": [
        {
            "name": "Self Destructing Passwords",
            "description": "An experiment in cybersecurity. When you insert a raspberry pi pico (or a rubber ducky) into a laptop with this script, the script automatically grabs your chrome passwords, decrypts them, and sends them to me in a notification.",
            "github": "//github.com/CoolCoderSJ/Self-Destructing-Passwords"
        },
        {
            "name": "Motion Sensing Lights",
            "description": "COMING SOON - A small device that attaches onto a wall switch and turns the lights on or off based on how many people are in the room.",
            "github": "#"
        }
    ],
    "software": [
        {
            "name": "StudentMate",
            "description": "An AI-powered homework assistant. StudentMate finds assignments from your LMS using AI and adds them to a todo list.",
            "github": "//github.com/CoolCoderSJ/StudentMate",
            "otherLinks": [
                {
                    "text": "Visit Live Instance",
                    "loc": "//studentmate.shuchir.dev",
                    "icon": "globe"
                }
            ]
        },
        {
            "name": "WheresMyFlight",
            "description": "Another flight tracker.",
            "github": "//github.com/CoolCoderSJ/WheresMyFlight",
            "otherLinks": [
                {
                    "text": "Visit Live Instance",
                    "loc": "//wheresmyflight-ui.shuchir.dev",
                    "icon": "globe"
                }
            ]
        },
        {
            "name": "SearchDeck",
            "description": "A search engine compiler. Collects results from 4 different search engines and smartly compiles them onto one page.",
            "github": "//github.com/CoolCoderSJ/SearchDeck",
            "otherLinks": [
                {
                    "text": "Visit Live Instance",
                    "loc": "//searchdeck.coolcodersj.repl.co",
                    "icon": "globe"
                }
            ]
        },
        
        {
            "name": "Climalearn",
            "description": "Easily see how climate change is adversely affecting the Earth and find out what you can do to stop it.",
            "github": "//github.com/CoolCoderSJ/Climalearn",
            "otherLinks": [
            ]
        },
        
        {
            "name": "MyT1D",
            "description": "A mobile application to help type 1 diabetic patients manage their diabetes easier.",
            "github": "//github.com/CoolCoderSJ/MyT1D"
        },
    
        {
            "name": "Crinkle",
            "description": "Another feature rich URL shortener.",
            "github": "//github.com/CoolCoderSJ/Crinkle",
            "otherLinks": [
            ]
        },
    
        {
            "name": "Replit CLI",
            "description": "A CLI application to connect to Replit.",
            "github": "//github.com/CoolCoderSJ/replit-cli",
            "otherLinks": [
                {
                    "text": "Visit Docs",
                    "loc": "//replitcli.repl.co",
                    "icon": "book"
                }
            ]
        },
    
        {
            "name": "Replit Oauth",
            "description": "An unofficial third-party oauth imitation for Replit.",
            "github": "//github.com/CoolCoderSJ/replit-oauth",
            "otherLinks": [
                {
                    "text": "Visit Docs",
                    "loc": "//replit-oauth.readme.io",
                    "icon": "book"
                }
            ]
        },
    
        {
            "name": "Token Revoker",
            "description": "A discord bot that continuously scans the server for leaked discord bot tokens and slack tokens and automatically revokes them.",
            "github": "//github.com/CoolCoderSJ/TokenRevoker"
        },
    
        {
            "name": "Reflux Marketplace",
            "description": "DEPRECATED - The marketplace for the popular Replit theming extension, Reflux.",
            "github": "//github.com/frissyn/Reflux"
        }
    ]
}